title_summary,category,views,multiplier,person_main,person_counter
강훈식 사의설 (타이밍),personnel,2010000,40.5,강훈식,
구윤철 교체,personnel,1380000,6.0,구윤철,
우상호 (인사 관련),personnel,950000,4.8,우상호,
육군대장 인사,personnel,740000,,,
오세훈 관련 (서울),local_conflict,1210000,2.8,오세훈,
추경호·SK 대구,local_conflict,1060000,3.7,추경호,최태원
전재수·부산 공무원,local_conflict,750000,,전재수,
경기도 공무원,local_conflict,730000,6.4,,
주한미대사,cartel_punishment,1740000,6.5,,주한미대사
축구협회,cartel_punishment,970000,2.3,,축구협회
도로공사 휴게소 (도성회),cartel_punishment,910000,2.4,,도성회
공항공사,cartel_punishment,540000,,,공항공사
트럼프 꼬리 내림,diplomacy_win,1210000,7.5,이재명,트럼프
캐나다 총리,diplomacy_win,1000000,2.4,이재명,캐나다 총리
정의선 캐나다 복수,diplomacy_win,1510000,5.8,정의선,
조중동 박살,chaebol_link,1070000,,이재명,조중동
이재용 머리 꼭대기,chaebol_link,920000,,이재용,
이재용 주주 (단독),chaebol_link,22000,,이재용,
삼성 직원 (단독),chaebol_link,46000,,,
윤석열 비교 유엔연설,modifier_comparison,330000,5.8,이재명,윤석열
최태원·김승연 비교,modifier_comparison,270000,5.7,최태원,김승연
추미애 (여당 비판),ruling_party_critique,32000,,추미애,
박찬대 공약 철회,ruling_party_critique,56000,,박찬대,
